jpa;getAllItems;70
jpa;getAllItems;14
jpa;getAllItems;11
jpa;getAllItems;18
jpa;getAllItems;5
jpa;getAllItems;5
jpa;getAllItems;8
jpa;getAllItems;10
jpa;getAllItems;3
jpa;getAllItems;8
jpa;getAllItems;6
jpa;getAllItems;6
jpa;getAllItems;7
jpa;getAllItems;4
jpa;getAllItems;11
jpa;getAllItems;8
jpa;getAllItems;4
jpa;getAllItems;7
jpa;getAllItems;9
jpa;getAllItems;12
jpa;getAllItems;11
jpa;getAllItems;3
jpa;getAllItems;4
jpa;getAllItems;5
jpa;getAllItems;3
jpa;getAllItems;4
jpa;getAllItems;4
jpa;getAllItems;12
jpa;getAllItems;6
jpa;getAllItems;17
jpa;getAllItems;4
jpa;getAllItems;5
jpa;getAllItems;4
jpa;getAllItems;4
jpa;getAllItems;10
jpa;getAllItems;4
jpa;getAllItems;6
jpa;getAllItems;9
jpa;getAllItems;3
jpa;getAllItems;2
jpa;getAllItems;7
jpa;getAllItems;4
jpa;getAllItems;4
jpa;getAllItems;4
jpa;getAllItems;5
jpa;getAllItems;10
jpa;getAllItems;9
jpa;getAllItems;9
jpa;getAllItems;4
jpa;getAllItems;4
jpa;getAllItems;4
jpa;getAllItems;4
jpa;getAllItems;12
jpa;getAllItems;8
jpa;getAllItems;5
jpa;getAllItems;10
jpa;getAllItems;2
jpa;getAllItems;6
jpa;getAllItems;6
jpa;getAllItems;4
jpa;getAllItems;6
jpa;getAllItems;5
jpa;getAllItems;3
jpa;getAllItems;5
jpa;getAllItems;13
jpa;getAllItems;4
jpa;getAllItems;4
jpa;getAllItems;5
jpa;getAllItems;6
jpa;getAllItems;8
jpa;getAllItems;7
jpa;getAllItems;3
jpa;getAllItems;4
jpa;getAllItems;7
jpa;getAllItems;2
jpa;getAllItems;2
jpa;getAllItems;5
jpa;getAllItems;4
jpa;getAllItems;4
jpa;getAllItems;16
jpa;getAllItems;6
jpa;getAllItems;3
jpa;getAllItems;1
jpa;getAllItems;6
jpa;getAllItems;6
jpa;getAllItems;11
jpa;getAllItems;4
jpa;getAllItems;4
jpa;getAllItems;6
jpa;getAllItems;5
jpa;getAllItems;7
jpa;getAllItems;4
jpa;getAllItems;4
jpa;getAllItems;4
jpa;getAllItems;5
jpa;getAllItems;5
jpa;getAllItems;5
jpa;getAllItems;5
jpa;getAllItems;4
jpa;getAllItems;5
jpa;getAllItems;2
jpa;getAllItems;3
jpa;getAllItems;6
jpa;getAllItems;2
jpa;getAllItems;3
jpa;getAllItems;3
jpa;getAllItems;3
jpa;getAllItems;2
jpa;getAllItems;5
jpa;getAllItems;4
jpa;getAllItems;2
jpa;getAllItems;5
jpa;getAllItems;4
jpa;getAllItems;4
jpa;getAllItems;2
jpa;getAllItems;2
jpa;getAllItems;2
jpa;getAllItems;3
jpa;getAllItems;2
jpa;getAllItems;3
jpa;getAllItems;3
jpa;getAllItems;3
jpa;getAllItems;3
jpa;getAllItems;4
jpa;getAllItems;2
jpa;getAllItems;5
jpa;getAllItems;3
jpa;getAllItems;5
jpa;getAllItems;4
jpa;getAllItems;5
jpa;getAllItems;4
jpa;getAllItems;4
jpa;getAllItems;2
jpa;getAllItems;2
jpa;getAllItems;4
jpa;getAllItems;2
jpa;getAllItems;3
jpa;getAllItems;4
jpa;getAllItems;5
jpa;getAllItems;5
jpa;getAllItems;6
jpa;getAllItems;3
jpa;getAllItems;4
jpa;getAllItems;3
jpa;getAllItems;0
jpa;getAllItems;2
jpa;getAllItems;2
jpa;getAllItems;4
jpa;getAllItems;5
jpa;getAllItems;2
jpa;getAllItems;2
jpa;getAllItems;3
jpa;getAllItems;4
jpa;getAllItems;4
jpa;getAllItems;7
jpa;getAllItems;4
jpa;getAllItems;5
jpa;getAllItems;4
jpa;getAllItems;3
jpa;getAllItems;7
jpa;getAllItems;4
jpa;getAllItems;3
jpa;getAllItems;5
jpa;getAllItems;6
jpa;getAllItems;3
jpa;getAllItems;9
jpa;getAllItems;6
jpa;getAllItems;5
jpa;getAllItems;7
jpa;getAllItems;2
jpa;getAllItems;4
jpa;getAllItems;10
jpa;getAllItems;3
jpa;getAllItems;6
jpa;getAllItems;7
jpa;getAllItems;2
jpa;getAllItems;3
jpa;getAllItems;4
jpa;getAllItems;5
jpa;getAllItems;16
jpa;getAllItems;3
jpa;getAllItems;3
jpa;getAllItems;7
jpa;getAllItems;9
jpa;getAllItems;7
jpa;getAllItems;7
jpa;getAllItems;3
jpa;getAllItems;4
jpa;getAllItems;4
jpa;getAllItems;6
jpa;getAllItems;7
jpa;getAllItems;8
jpa;getAllItems;4
jpa;getAllItems;4
jpa;getAllItems;3
jpa;getAllItems;3
jpa;getAllItems;4
jpa;getAllItems;3
jpa;getAllItems;5
jpa;getAllItems;3
jpa;getAllItems;3
jpa;getAllItems;3
jpa;getAllItems;4
jpa;getAllItems;9
jpa;getAllItems;4
jpa;getAllItems;6
jpa;getAllItems;9
jpa;getAllItems;6
jpa;getAllItems;6
jpa;getAllItems;0
jpa;getAllItems;4
jpa;getAllItems;6
jpa;getAllItems;6
jpa;getAllItems;4
jpa;getAllItems;5
jpa;getAllItems;4
jpa;getAllItems;4
jpa;getAllItems;10
jpa;getAllItems;6
jpa;getAllItems;7
jpa;getAllItems;7
jpa;getAllItems;7
jpa;getAllItems;4
jpa;getAllItems;7
jpa;getAllItems;6
jpa;getAllItems;7
jpa;getAllItems;4
jpa;getAllItems;3
jpa;getAllItems;13
jpa;getAllItems;6
jpa;getAllItems;9
jpa;getAllItems;4
jpa;getAllItems;12
jpa;getAllItems;6
jpa;getAllItems;5
jpa;getAllItems;4
jpa;getAllItems;5
jpa;getAllItems;8
jpa;getAllItems;3
jpa;getAllItems;9
jpa;getAllItems;7
jpa;getAllItems;5
jpa;getAllItems;5
jpa;getAllItems;4
jpa;getAllItems;20
jpa;getAllItems;3
jpa;getAllItems;4
jpa;getAllItems;12
jpa;getAllItems;5
jpa;getAllItems;4
jpa;getAllItems;5
jpa;getAllItems;12
jpa;getAllItems;4
jpa;getAllItems;13
jpa;getAllItems;3
jpa;getAllItems;6
jpa;getAllItems;8
jpa;getAllItems;3
jpa;getAllItems;3
jpa;getAllItems;7
jpa;getAllItems;10
jpa;getAllItems;5
jpa;getAllItems;5
jpa;getAllItems;4
jpa;getAllItems;5
jpa;getAllItems;4
jpa;getAllItems;4
jpa;getAllItems;5
jpa;getAllItems;1
jpa;getAllItems;5
jpa;getAllItems;4
jpa;getAllItems;5
jpa;getAllItems;3
jpa;getAllItems;3
jpa;getAllItems;9
jpa;getAllItems;4
jpa;getAllItems;3
jpa;getAllItems;3
jpa;getAllItems;2
jpa;getAllItems;3
jpa;getAllItems;5
jpa;getAllItems;4
jpa;getAllItems;3
jpa;getAllItems;12
jpa;getAllItems;4
jpa;getAllItems;3
jpa;getAllItems;6
jpa;getAllItems;4
jpa;getAllItems;4
jpa;getAllItems;4
jpa;getAllItems;3
jpa;getAllItems;4
jpa;getAllItems;5
jpa;getAllItems;11
jpa;getAllItems;3
jpa;getAllItems;6
jpa;getAllItems;3
jpa;getAllItems;3
jpa;getAllItems;3
jpa;getAllItems;3
jpa;getAllItems;3
jpa;getAllItems;3
jpa;getAllItems;0
jpa;getAllItems;6
jpa;getAllItems;11
jpa;getAllItems;5
jpa;getAllItems;3
jpa;getAllItems;3
jpa;getAllItems;4
jpa;getAllItems;3
jpa;getAllItems;5
jpa;getAllCarts;35
jpa;getAllCarts;4
jpa;getAllCarts;7
jpa;getAllCarts;4
jpa;getAllCarts;11
jpa;getAllCarts;3
jpa;getAllCarts;11
jpa;getAllCarts;3
jpa;getAllCarts;13
jpa;getAllCarts;9
jpa;getAllCarts;12
jpa;getAllCarts;18
jpa;getAllCarts;6
jpa;getAllCarts;10
jpa;getAllCarts;7
jpa;getAllCarts;6
jpa;getAllCarts;5
jpa;getAllCarts;9
jpa;getAllCarts;8
jpa;getAllCarts;6
jpa;getAllCarts;10
jpa;getAllCarts;9
jpa;getAllCarts;5
jpa;getAllCarts;9
jpa;getAllCarts;6
jpa;getAllCarts;11
jpa;getAllCarts;9
jpa;getAllCarts;6
jpa;getAllCarts;6
jpa;getAllCarts;7
jpa;getAllCarts;9
jpa;getAllCarts;7
jpa;getAllCarts;15
jpa;getAllCarts;9
jpa;getAllCarts;4
jpa;getAllCarts;6
jpa;getAllCarts;4
jpa;getAllCarts;5
jpa;getAllCarts;5
jpa;getAllCarts;10
jpa;getAllCarts;7
jpa;getAllCarts;13
jpa;getAllCarts;7
jpa;getAllCarts;9
jpa;getAllCarts;5
jpa;getAllCarts;11
jpa;getAllCarts;6
jpa;getAllCarts;4
jpa;getAllCarts;8
jpa;getAllCarts;8
jpa;getAllCarts;5
jpa;getAllCarts;9
jpa;getAllCarts;7
jpa;getAllCarts;10
jpa;getAllCarts;7
jpa;getAllCarts;9
jpa;getAllCarts;15
jpa;getAllCarts;3
jpa;getAllCarts;8
jpa;getAllCarts;7
jpa;getAllCarts;6
jpa;getAllCarts;8
jpa;getAllCarts;5
jpa;getAllCarts;7
jpa;getAllCarts;8
jpa;getAllCarts;12
jpa;getAllCarts;5
jpa;getAllCarts;6
jpa;getAllCarts;15
jpa;getAllCarts;6
jpa;getAllCarts;9
jpa;getAllCarts;11
jpa;getAllCarts;10
jpa;getAllCarts;11
jpa;getAllCarts;11
jpa;getAllCarts;7
jpa;getAllCarts;8
jpa;getAllCarts;2
jpa;getAllCarts;6
jpa;getAllCarts;5
jpa;getAllCarts;6
jpa;getAllCarts;4
jpa;getAllCarts;7
jpa;getAllCarts;8
jpa;getAllCarts;9
jpa;getAllCarts;4
jpa;getAllCarts;5
jpa;getAllCarts;6
jpa;getAllCarts;4
jpa;getAllCarts;8
jpa;getAllCarts;8
jpa;getAllCarts;7
jpa;getAllCarts;4
jpa;getAllCarts;4
jpa;getAllCarts;4
jpa;getAllCarts;4
jpa;getAllCarts;7
jpa;getAllCarts;3
jpa;getAllCarts;8
jpa;getAllCarts;8
jpa;getAllCarts;7
jpa;getAllCarts;8
jpa;getAllCarts;20
jpa;getAllCarts;7
jpa;getAllCarts;5
jpa;getAllCarts;5
jpa;getAllCarts;8
jpa;getAllCarts;6
jpa;getAllCarts;5
jpa;getAllCarts;5
jpa;getAllCarts;6
jpa;getAllCarts;8
jpa;getAllCarts;6
jpa;getAllCarts;9
jpa;getAllCarts;4
jpa;getAllCarts;5
jpa;getAllCarts;5
jpa;getAllCarts;7
jpa;getAllCarts;6
jpa;getAllCarts;7
jpa;getAllCarts;6
jpa;getAllCarts;5
jpa;getAllCarts;8
jpa;getAllCarts;5
jpa;getAllCarts;8
jpa;getAllCarts;6
jpa;getAllCarts;7
jpa;getAllCarts;6
jpa;getAllCarts;7
jpa;getAllCarts;5
jpa;getAllCarts;5
jpa;getAllCarts;6
jpa;getAllCarts;5
jpa;getAllCarts;7
jpa;getAllCarts;10
jpa;getAllCarts;5
jpa;getAllCarts;7
jpa;getAllCarts;8
jpa;getAllCarts;4
jpa;getAllCarts;7
jpa;getAllCarts;7
jpa;getAllCarts;4
jpa;getAllCarts;8
jpa;getAllCarts;4
jpa;getAllCarts;4
jpa;getAllCarts;4
jpa;getAllCarts;7
jpa;getAllCarts;6
jpa;getAllCarts;5
jpa;getAllCarts;5
jpa;getAllCarts;7
jpa;getAllCarts;4
jpa;getAllCarts;8
jpa;getAllCarts;5
jpa;getAllCarts;5
jpa;getAllCarts;5
jpa;getAllCarts;9
jpa;getAllCarts;7
jpa;getAllCarts;10
jpa;getAllCarts;7
jpa;getAllCarts;5
jpa;getAllCarts;7
jpa;getAllCarts;5
jpa;getAllCarts;5
jpa;getAllCarts;5
jpa;getAllCarts;5
jpa;getAllCarts;7
jpa;getAllCarts;7
jpa;getAllCarts;6
jpa;getAllCarts;7
jpa;getAllCarts;5
jpa;getAllCarts;4
jpa;getAllCarts;6
jpa;getAllCarts;5
jpa;getAllCarts;4
jpa;getAllCarts;6
jpa;getAllCarts;6
jpa;getAllCarts;6
jpa;getAllCarts;5
jpa;getAllCarts;7
jpa;getAllCarts;5
jpa;getAllCarts;6
jpa;getAllCarts;6
jpa;getAllCarts;7
jpa;getAllCarts;8
jpa;getAllCarts;5
jpa;getAllCarts;5
jpa;getAllCarts;7
jpa;getAllCarts;7
jpa;getAllCarts;5
jpa;getAllCarts;9
jpa;getAllCarts;6
jpa;getAllCarts;5
jpa;getAllCarts;5
jpa;getAllCarts;6
jpa;getAllCarts;5
jpa;getAllCarts;11
jpa;getAllCarts;4
jpa;getAllCarts;7
jpa;getAllCarts;3
jpa;getAllCarts;6
jpa;getAllCarts;10
jpa;getAllCarts;3
jpa;getAllCarts;2
jpa;getAllCarts;5
jpa;getAllCarts;5
jpa;getAllCarts;6
jpa;getAllCarts;2
jpa;getAllCarts;6
jpa;getAllCarts;5
jpa;getAllCarts;5
jpa;getAllCarts;4
jpa;getAllCarts;9
jpa;getAllCarts;6
jpa;getAllCarts;6
jpa;getAllCarts;5
jpa;getAllCarts;6
jpa;getAllCarts;5
jpa;getAllCarts;6
jpa;getAllCarts;7
jpa;getAllCarts;7
jpa;getAllCarts;4
jpa;getAllCarts;7
jpa;getAllCarts;5
jpa;getAllCarts;7
jpa;getAllCarts;10
jpa;getAllCarts;5
jpa;getAllCarts;5
jpa;getAllCarts;5
jpa;getAllCarts;5
jpa;getAllCarts;7
jpa;getAllCarts;7
jpa;getAllCarts;5
jpa;getAllCarts;8
jpa;getAllCarts;7
jpa;getAllCarts;5
jpa;getAllCarts;5
jpa;getAllCarts;6
jpa;getAllCarts;7
jpa;getAllCarts;7
jpa;getAllCarts;5
jpa;getAllCarts;4
jpa;getAllCarts;5
jpa;getAllCarts;4
jpa;getAllCarts;3
jpa;getAllCarts;4
jpa;getAllCarts;7
jpa;getAllCarts;16
jpa;getAllCarts;7
jpa;getAllCarts;5
jpa;getAllCarts;4
jpa;getAllCarts;6
jpa;getAllCarts;5
jpa;getAllCarts;4
jpa;getAllCarts;6
jpa;getAllCarts;5
jpa;getAllCarts;11
jpa;getAllCarts;4
jpa;getAllCarts;8
jpa;getAllCarts;8
jpa;getAllCarts;6
jpa;getAllCarts;4
jpa;getAllCarts;9
jpa;getAllCarts;8
jpa;getAllCarts;4
jpa;getAllCarts;5
jpa;getAllCarts;4
jpa;getAllCarts;4
jpa;getAllCarts;6
jpa;getAllCarts;5
jpa;getAllCarts;7
jpa;getAllCarts;6
jpa;getAllCarts;5
jpa;getAllCarts;6
jpa;getAllCarts;4
jpa;getAllCarts;8
jpa;getAllCarts;4
jpa;getAllCarts;6
jpa;getAllCarts;7
jpa;getAllCarts;4
jpa;getAllCarts;4
jpa;getAllCarts;5
jpa;getAllCarts;4
jpa;getAllCarts;3
jpa;getAllCarts;7
jpa;getAllCarts;7
jpa;getAllCarts;5
jpa;getAllCarts;6
jpa;getAllCarts;4
jpa;getAllCarts;6
jpa;getAllCarts;7
jpa;getAllCarts;5
jpa;getAllCarts;6
jpa;getAllCarts;6
jpa;getAllCarts;5
jpa;getAllCarts;6
jpa;getAllCarts;6
jpa;getAllCarts;9
jpa;getAllCarts;6
jpa;getAllCarts;6
jpa;getAllCarts;4
jpa;getAllCarts;4
jpa;getAllCarts;7
jpa;getAllCarts;8
jpa;getAllCarts;6
jpa;getAllCarts;7
jpa;getAllCarts;7
jpa;getAllCarts;4
jpa;getAllCarts;6
jpa;getAllCarts;5
jpa;getAllCarts;6
jpa;getAllCarts;4
jpa;getAllCarts;4
jpa;getAllCarts;4
jpa;getAllCarts;4
jpa;getAllCarts;4
jpa;getAllCarts;5
jpa;getAllCarts;4
jpa;getAllCarts;3
jpa;getAllCarts;8
jpa;getAllCarts;5
jpa;getAllCarts;5
jpa;getAllCarts;7
jpa;getAllCarts;5
jpa;getAllCarts;7
jpa;getAllCarts;7
jpa;getAllCarts;7
jpa;getAllCarts;7
jpa;getAllCarts;4
jpa;getAllCarts;3
jpa;getAllCarts;7
jpa;getAllCarts;3
jpa;getAllCarts;5
jpa;getAllCarts;6
jpa;getAllCarts;6
jpa;getAllCarts;7
jpa;getAllCarts;9
jpa;getAllCarts;3
jpa;getAllCarts;7
jpa;getAllCarts;8
jpa;getAllCarts;7
jpa;getAllCarts;8
jpa;getAllCarts;4
jpa;getAllCarts;4
jpa;getAllCarts;5
jpa;getAllCarts;4
jpa;getAllCarts;3
jpa;getAllCarts;4
jpa;getAllCarts;3
jpa;getAllCarts;6
jpa;getAllCarts;7
jpa;getAllCarts;6
jpa;getAllCarts;7
jpa;getAllCarts;4
jpa;getAllCarts;10
jpa;getAllCarts;5
jpa;getAllCarts;4
jpa;getAllCarts;9
jpa;getAllCarts;8
jpa;getAllCarts;3
jpa;getAllCarts;2
jpa;getAllCarts;5
jpa;getAllCarts;5
jpa;getAllCarts;7
jpa;getAllCarts;4
jpa;getAllCarts;3
jpa;getAllCarts;3
jpa;getAllCarts;70
