mybatis;getAllItems;21
mybatis;getAllItems;2
mybatis;getAllItems;3
mybatis;getAllItems;9
mybatis;getAllItems;3
mybatis;getAllItems;8
mybatis;getAllItems;3
mybatis;getAllItems;3
mybatis;getAllItems;3
mybatis;getAllItems;4
mybatis;getAllItems;8
mybatis;getAllItems;2
mybatis;getAllItems;3
mybatis;getAllItems;3
mybatis;getAllItems;3
mybatis;getAllItems;3
mybatis;getAllItems;2
mybatis;getAllItems;2
mybatis;getAllItems;4
mybatis;getAllItems;2
mybatis;getAllItems;4
mybatis;getAllItems;2
mybatis;getAllItems;4
mybatis;getAllItems;2
mybatis;getAllItems;2
mybatis;getAllItems;4
mybatis;getAllItems;3
mybatis;getAllItems;2
mybatis;getAllItems;3
mybatis;getAllItems;2
mybatis;getAllItems;2
mybatis;getAllItems;4
mybatis;getAllItems;9
mybatis;getAllItems;2
mybatis;getAllItems;3
mybatis;getAllItems;4
mybatis;getAllItems;2
mybatis;getAllItems;3
mybatis;getAllItems;2
mybatis;getAllItems;2
mybatis;getAllItems;2
mybatis;getAllItems;3
mybatis;getAllItems;3
mybatis;getAllItems;1
mybatis;getAllItems;5
mybatis;getAllItems;3
mybatis;getAllItems;2
mybatis;getAllItems;2
mybatis;getAllItems;2
mybatis;getAllItems;1
mybatis;getAllItems;2
mybatis;getAllItems;2
mybatis;getAllItems;3
mybatis;getAllItems;3
mybatis;getAllItems;4
mybatis;getAllItems;5
mybatis;getAllItems;3
mybatis;getAllItems;2
mybatis;getAllItems;2
mybatis;getAllItems;8
mybatis;getAllItems;3
mybatis;getAllItems;2
mybatis;getAllItems;2
mybatis;getAllItems;6
mybatis;getAllItems;2
mybatis;getAllItems;1
mybatis;getAllItems;4
mybatis;getAllItems;2
mybatis;getAllItems;3
mybatis;getAllItems;2
mybatis;getAllItems;2
mybatis;getAllItems;1
mybatis;getAllItems;4
mybatis;getAllItems;2
mybatis;getAllItems;2
mybatis;getAllItems;3
mybatis;getAllItems;1
mybatis;getAllItems;1
mybatis;getAllItems;3
mybatis;getAllItems;2
mybatis;getAllItems;3
mybatis;getAllItems;2
mybatis;getAllItems;2
mybatis;getAllItems;1
mybatis;getAllItems;3
mybatis;getAllItems;2
mybatis;getAllItems;2
mybatis;getAllItems;3
mybatis;getAllItems;7
mybatis;getAllItems;3
mybatis;getAllItems;2
mybatis;getAllItems;3
mybatis;getAllItems;3
mybatis;getAllItems;3
mybatis;getAllItems;3
mybatis;getAllItems;4
mybatis;getAllItems;1
mybatis;getAllItems;1
mybatis;getAllItems;3
mybatis;getAllItems;3
mybatis;getAllItems;5
mybatis;getAllItems;2
mybatis;getAllItems;1
mybatis;getAllItems;2
mybatis;getAllItems;7
mybatis;getAllItems;4
mybatis;getAllItems;1
mybatis;getAllItems;2
mybatis;getAllItems;1
mybatis;getAllItems;1
mybatis;getAllItems;2
mybatis;getAllItems;1
mybatis;getAllItems;1
mybatis;getAllItems;2
mybatis;getAllItems;2
mybatis;getAllItems;3
mybatis;getAllItems;2
mybatis;getAllItems;1
mybatis;getAllItems;2
mybatis;getAllItems;3
mybatis;getAllItems;4
mybatis;getAllItems;1
mybatis;getAllItems;2
mybatis;getAllItems;4
mybatis;getAllItems;2
mybatis;getAllItems;2
mybatis;getAllItems;2
mybatis;getAllItems;2
mybatis;getAllItems;2
mybatis;getAllItems;4
mybatis;getAllItems;3
mybatis;getAllItems;2
mybatis;getAllItems;3
mybatis;getAllItems;1
mybatis;getAllItems;1
mybatis;getAllItems;2
mybatis;getAllItems;3
mybatis;getAllItems;2
mybatis;getAllItems;2
mybatis;getAllItems;1
mybatis;getAllItems;1
mybatis;getAllItems;2
mybatis;getAllItems;2
mybatis;getAllItems;3
mybatis;getAllItems;3
mybatis;getAllItems;1
mybatis;getAllItems;1
mybatis;getAllItems;2
mybatis;getAllItems;2
mybatis;getAllItems;2
mybatis;getAllItems;1
mybatis;getAllItems;1
mybatis;getAllItems;2
mybatis;getAllItems;1
mybatis;getAllItems;3
mybatis;getAllItems;6
mybatis;getAllItems;1
mybatis;getAllItems;3
mybatis;getAllItems;4
mybatis;getAllItems;3
mybatis;getAllItems;2
mybatis;getAllItems;3
mybatis;getAllItems;1
mybatis;getAllItems;3
mybatis;getAllItems;3
mybatis;getAllItems;1
mybatis;getAllItems;2
mybatis;getAllItems;2
mybatis;getAllItems;3
mybatis;getAllItems;4
mybatis;getAllItems;5
mybatis;getAllItems;2
mybatis;getAllItems;4
mybatis;getAllItems;2
mybatis;getAllItems;2
mybatis;getAllItems;2
mybatis;getAllItems;2
mybatis;getAllItems;4
mybatis;getAllItems;1
mybatis;getAllItems;3
mybatis;getAllItems;3
mybatis;getAllItems;7
mybatis;getAllItems;4
mybatis;getAllItems;10
mybatis;getAllItems;3
mybatis;getAllItems;3
mybatis;getAllItems;3
mybatis;getAllItems;4
mybatis;getAllItems;1
mybatis;getAllItems;4
mybatis;getAllItems;2
mybatis;getAllItems;2
mybatis;getAllItems;3
mybatis;getAllItems;2
mybatis;getAllItems;5
mybatis;getAllItems;3
mybatis;getAllItems;3
mybatis;getAllItems;1
mybatis;getAllItems;2
mybatis;getAllItems;5
mybatis;getAllItems;2
mybatis;getAllItems;3
mybatis;getAllItems;3
mybatis;getAllItems;3
mybatis;getAllItems;3
mybatis;getAllItems;3
mybatis;getAllItems;3
mybatis;getAllItems;4
mybatis;getAllItems;1
mybatis;getAllItems;3
mybatis;getAllItems;2
mybatis;getAllItems;2
mybatis;getAllItems;2
mybatis;getAllItems;1
mybatis;getAllItems;6
mybatis;getAllItems;6
mybatis;getAllItems;2
mybatis;getAllItems;2
mybatis;getAllItems;3
mybatis;getAllItems;1
mybatis;getAllItems;1
mybatis;getAllItems;3
mybatis;getAllItems;2
mybatis;getAllItems;2
mybatis;getAllItems;4
mybatis;getAllItems;3
mybatis;getAllItems;2
mybatis;getAllItems;2
mybatis;getAllItems;5
mybatis;getAllItems;2
mybatis;getAllItems;2
mybatis;getAllItems;1
mybatis;getAllItems;2
mybatis;getAllItems;3
mybatis;getAllItems;4
mybatis;getAllItems;5
mybatis;getAllItems;3
mybatis;getAllItems;3
mybatis;getAllItems;3
mybatis;getAllItems;2
mybatis;getAllItems;2
mybatis;getAllItems;2
mybatis;getAllItems;1
mybatis;getAllItems;4
mybatis;getAllItems;2
mybatis;getAllItems;2
mybatis;getAllItems;2
mybatis;getAllItems;2
mybatis;getAllItems;2
mybatis;getAllItems;3
mybatis;getAllItems;5
mybatis;getAllItems;2
mybatis;getAllItems;3
mybatis;getAllItems;8
mybatis;getAllItems;9
mybatis;getAllItems;4
mybatis;getAllItems;8
mybatis;getAllItems;2
mybatis;getAllItems;2
mybatis;getAllItems;4
mybatis;getAllItems;3
mybatis;getAllItems;2
mybatis;getAllItems;2
mybatis;getAllItems;4
mybatis;getAllItems;1
mybatis;getAllItems;4
mybatis;getAllItems;2
mybatis;getAllItems;2
mybatis;getAllItems;1
mybatis;getAllItems;1
mybatis;getAllItems;1
mybatis;getAllItems;2
mybatis;getAllItems;3
mybatis;getAllItems;2
mybatis;getAllItems;2
mybatis;getAllItems;2
mybatis;getAllItems;1
mybatis;getAllItems;2
mybatis;getAllItems;3
mybatis;getAllItems;2
mybatis;getAllItems;1
mybatis;getAllItems;1
mybatis;getAllItems;1
mybatis;getAllItems;2
mybatis;getAllItems;2
mybatis;getAllItems;2
mybatis;getAllItems;2
mybatis;getAllItems;2
mybatis;getAllItems;2
mybatis;getAllItems;2
mybatis;getAllItems;2
mybatis;getAllItems;3
mybatis;getAllItems;7
mybatis;getAllItems;9
mybatis;getAllItems;2
mybatis;getAllItems;2
mybatis;getAllItems;2
mybatis;getAllItems;1
mybatis;getAllItems;1
mybatis;getAllItems;2
mybatis;getAllItems;3
mybatis;getAllItems;0
mybatis;getAllItems;1
mybatis;getAllItems;3
mybatis;getAllItems;3
mybatis;getAllItems;2
mybatis;getAllItems;2
mybatis;getAllItems;3
mybatis;getAllItems;2
mybatis;getAllItems;3
mybatis;getAllItems;3
mybatis;getAllItems;1
mybatis;getAllItems;3
mybatis;getAllCarts;14
mybatis;getAllCarts;14
mybatis;getAllCarts;9
mybatis;getAllCarts;9
mybatis;getAllCarts;17
mybatis;getAllCarts;14
mybatis;getAllCarts;14
mybatis;getAllCarts;16
mybatis;getAllCarts;15
mybatis;getAllCarts;18
mybatis;getAllCarts;5
mybatis;getAllCarts;7
mybatis;getAllCarts;11
mybatis;getAllCarts;22
mybatis;getAllCarts;18
mybatis;getAllCarts;28
mybatis;getAllCarts;11
mybatis;getAllCarts;16
mybatis;getAllCarts;15
mybatis;getAllCarts;7
mybatis;getAllCarts;12
mybatis;getAllCarts;19
mybatis;getAllCarts;21
mybatis;getAllCarts;9
mybatis;getAllCarts;15
mybatis;getAllCarts;9
mybatis;getAllCarts;17
mybatis;getAllCarts;7
mybatis;getAllCarts;17
mybatis;getAllCarts;11
mybatis;getAllCarts;14
mybatis;getAllCarts;15
mybatis;getAllCarts;10
mybatis;getAllCarts;8
mybatis;getAllCarts;11
mybatis;getAllCarts;11
mybatis;getAllCarts;11
mybatis;getAllCarts;11
mybatis;getAllCarts;9
mybatis;getAllCarts;14
mybatis;getAllCarts;22
mybatis;getAllCarts;20
mybatis;getAllCarts;18
mybatis;getAllCarts;13
mybatis;getAllCarts;12
mybatis;getAllCarts;12
mybatis;getAllCarts;17
mybatis;getAllCarts;11
mybatis;getAllCarts;11
mybatis;getAllCarts;14
mybatis;getAllCarts;16
mybatis;getAllCarts;12
mybatis;getAllCarts;9
mybatis;getAllCarts;16
mybatis;getAllCarts;21
mybatis;getAllCarts;15
mybatis;getAllCarts;8
mybatis;getAllCarts;6
mybatis;getAllCarts;17
mybatis;getAllCarts;11
mybatis;getAllCarts;14
mybatis;getAllCarts;20
mybatis;getAllCarts;17
mybatis;getAllCarts;16
mybatis;getAllCarts;12
mybatis;getAllCarts;13
mybatis;getAllCarts;6
mybatis;getAllCarts;11
mybatis;getAllCarts;8
mybatis;getAllCarts;10
mybatis;getAllCarts;12
mybatis;getAllCarts;9
mybatis;getAllCarts;7
mybatis;getAllCarts;6
mybatis;getAllCarts;12
mybatis;getAllCarts;14
mybatis;getAllCarts;1
mybatis;getAllCarts;7
mybatis;getAllCarts;13
mybatis;getAllCarts;19
mybatis;getAllCarts;15
mybatis;getAllCarts;19
mybatis;getAllCarts;14
mybatis;getAllCarts;16
mybatis;getAllCarts;15
mybatis;getAllCarts;10
mybatis;getAllCarts;13
mybatis;getAllCarts;18
mybatis;getAllCarts;15
mybatis;getAllCarts;10
mybatis;getAllCarts;0
mybatis;getAllCarts;3
mybatis;getAllCarts;7
mybatis;getAllCarts;11
mybatis;getAllCarts;11
mybatis;getAllCarts;19
mybatis;getAllCarts;12
mybatis;getAllCarts;19
mybatis;getAllCarts;12
mybatis;getAllCarts;16
mybatis;getAllCarts;18
mybatis;getAllCarts;6
mybatis;getAllCarts;7
mybatis;getAllCarts;11
mybatis;getAllCarts;13
mybatis;getAllCarts;11
mybatis;getAllCarts;16
mybatis;getAllCarts;13
mybatis;getAllCarts;0
mybatis;getAllCarts;11
mybatis;getAllCarts;15
mybatis;getAllCarts;16
mybatis;getAllCarts;22
mybatis;getAllCarts;9
mybatis;getAllCarts;17
mybatis;getAllCarts;11
mybatis;getAllCarts;15
mybatis;getAllCarts;17
mybatis;getAllCarts;17
mybatis;getAllCarts;18
mybatis;getAllCarts;13
mybatis;getAllCarts;17
mybatis;getAllCarts;11
mybatis;getAllCarts;22
mybatis;getAllCarts;14
mybatis;getAllCarts;14
mybatis;getAllCarts;19
mybatis;getAllCarts;10
mybatis;getAllCarts;15
mybatis;getAllCarts;10
mybatis;getAllCarts;11
mybatis;getAllCarts;11
mybatis;getAllCarts;14
mybatis;getAllCarts;15
mybatis;getAllCarts;16
mybatis;getAllCarts;27
mybatis;getAllCarts;19
mybatis;getAllCarts;10
mybatis;getAllCarts;16
mybatis;getAllCarts;16
mybatis;getAllCarts;13
mybatis;getAllCarts;10
mybatis;getAllCarts;11
mybatis;getAllCarts;10
mybatis;getAllCarts;14
mybatis;getAllCarts;9
mybatis;getAllCarts;19
mybatis;getAllCarts;12
mybatis;getAllCarts;18
mybatis;getAllCarts;10
mybatis;getAllCarts;10
mybatis;getAllCarts;6
mybatis;getAllCarts;13
mybatis;getAllCarts;10
mybatis;getAllCarts;19
mybatis;getAllCarts;11
mybatis;getAllCarts;10
mybatis;getAllCarts;12
mybatis;getAllCarts;18
mybatis;getAllCarts;18
mybatis;getAllCarts;14
mybatis;getAllCarts;20
mybatis;getAllCarts;9
mybatis;getAllCarts;16
mybatis;getAllCarts;16
mybatis;getAllCarts;9
mybatis;getAllCarts;15
mybatis;getAllCarts;20
mybatis;getAllCarts;13
mybatis;getAllCarts;11
mybatis;getAllCarts;14
mybatis;getAllCarts;12
mybatis;getAllCarts;13
mybatis;getAllCarts;11
mybatis;getAllCarts;10
mybatis;getAllCarts;13
mybatis;getAllCarts;2
mybatis;getAllCarts;15
mybatis;getAllCarts;14
mybatis;getAllCarts;19
mybatis;getAllCarts;16
mybatis;getAllCarts;11
mybatis;getAllCarts;20
mybatis;getAllCarts;14
mybatis;getAllCarts;15
mybatis;getAllCarts;14
mybatis;getAllCarts;11
mybatis;getAllCarts;22
mybatis;getAllCarts;17
mybatis;getAllCarts;12
mybatis;getAllCarts;20
mybatis;getAllCarts;14
mybatis;getAllCarts;22
mybatis;getAllCarts;15
mybatis;getAllCarts;12
mybatis;getAllCarts;19
mybatis;getAllCarts;11
mybatis;getAllCarts;10
mybatis;getAllCarts;7
mybatis;getAllCarts;9
mybatis;getAllCarts;16
mybatis;getAllCarts;8
mybatis;getAllCarts;11
mybatis;getAllCarts;8
mybatis;getAllCarts;7
mybatis;getAllCarts;21
mybatis;getAllCarts;8
mybatis;getAllCarts;7
mybatis;getAllCarts;14
mybatis;getAllCarts;16
mybatis;getAllCarts;21
mybatis;getAllCarts;10
mybatis;getAllCarts;8
mybatis;getAllCarts;6
mybatis;getAllCarts;13
mybatis;getAllCarts;7
mybatis;getAllCarts;18
mybatis;getAllCarts;7
mybatis;getAllCarts;18
mybatis;getAllCarts;12
mybatis;getAllCarts;16
mybatis;getAllCarts;23
mybatis;getAllCarts;13
mybatis;getAllCarts;14
mybatis;getAllCarts;14
mybatis;getAllCarts;17
mybatis;getAllCarts;17
mybatis;getAllCarts;18
mybatis;getAllCarts;11
mybatis;getAllCarts;8
mybatis;getAllCarts;19
mybatis;getAllCarts;11
mybatis;getAllCarts;7
mybatis;getAllCarts;7
mybatis;getAllCarts;9
mybatis;getAllCarts;12
mybatis;getAllCarts;17
mybatis;getAllCarts;13
mybatis;getAllCarts;14
mybatis;getAllCarts;12
mybatis;getAllCarts;12
mybatis;getAllCarts;17
mybatis;getAllCarts;7
mybatis;getAllCarts;13
mybatis;getAllCarts;12
mybatis;getAllCarts;17
mybatis;getAllCarts;17
mybatis;getAllCarts;15
mybatis;getAllCarts;13
mybatis;getAllCarts;17
mybatis;getAllCarts;16
mybatis;getAllCarts;9
mybatis;getAllCarts;14
mybatis;getAllCarts;10
mybatis;getAllCarts;17
mybatis;getAllCarts;4
mybatis;getAllCarts;5
mybatis;getAllCarts;7
mybatis;getAllCarts;15
mybatis;getAllCarts;15
mybatis;getAllCarts;17
mybatis;getAllCarts;22
mybatis;getAllCarts;13
mybatis;getAllCarts;13
mybatis;getAllCarts;14
mybatis;getAllCarts;17
mybatis;getAllCarts;15
mybatis;getAllCarts;16
mybatis;getAllCarts;14
mybatis;getAllCarts;23
mybatis;getAllCarts;20
mybatis;getAllCarts;8
mybatis;getAllCarts;11
mybatis;getAllCarts;20
mybatis;getAllCarts;20
mybatis;getAllCarts;18
mybatis;getAllCarts;11
mybatis;getAllCarts;17
mybatis;getAllCarts;21
mybatis;getAllCarts;17
mybatis;getAllCarts;18
mybatis;getAllCarts;19
mybatis;getAllCarts;16
mybatis;getAllCarts;16
mybatis;getAllCarts;15
mybatis;getAllCarts;17
mybatis;getAllCarts;15
mybatis;getAllCarts;5
mybatis;getAllCarts;11
mybatis;getAllCarts;17
mybatis;getAllCarts;16
mybatis;getAllCarts;15
mybatis;getAllCarts;15
mybatis;getAllCarts;11
mybatis;getAllCarts;2
mybatis;getAllCarts;3
mybatis;getAllCarts;6
mybatis;getAllCarts;15
mybatis;getAllCarts;10
mybatis;getAllCarts;14
mybatis;getAllCarts;15
mybatis;getAllCarts;7
mybatis;getAllCarts;22
mybatis;getAllCarts;17
mybatis;getAllCarts;12
mybatis;getAllCarts;12
mybatis;getAllCarts;18
mybatis;getAllCarts;17
mybatis;getAllCarts;18
mybatis;getAllCarts;10
mybatis;getAllCarts;20
mybatis;getAllCarts;10
mybatis;getAllCarts;10
mybatis;getAllCarts;7
mybatis;getAllCarts;9
mybatis;getAllCarts;17
mybatis;getAllCarts;15
mybatis;getAllCarts;17
mybatis;getAllCarts;18
mybatis;getAllCarts;13
mybatis;getAllCarts;18
mybatis;getAllCarts;20
mybatis;getAllCarts;13
mybatis;getAllCarts;14
mybatis;getAllCarts;15
mybatis;getAllCarts;14
mybatis;getAllCarts;8
mybatis;getAllCarts;9
mybatis;getAllCarts;6
mybatis;getAllCarts;10
mybatis;getAllCarts;14
mybatis;getAllCarts;12
mybatis;getAllCarts;13
mybatis;getAllCarts;14
mybatis;getAllCarts;16
mybatis;getAllCarts;15
mybatis;getAllCarts;14
mybatis;getAllCarts;9
mybatis;getAllCarts;17
mybatis;getAllCarts;13
mybatis;getAllCarts;13
mybatis;getAllCarts;4
mybatis;getAllCarts;10
mybatis;getAllCarts;13
mybatis;getAllCarts;14
mybatis;getAllCarts;10
mybatis;getAllCarts;10
mybatis;getAllCarts;13
mybatis;getAllCarts;9
mybatis;getAllCarts;20
mybatis;getAllCarts;18
mybatis;getAllCarts;20
mybatis;getAllCarts;12
mybatis;getAllCarts;9
mybatis;getAllCarts;15
mybatis;getAllCarts;17
mybatis;getAllCarts;21
mybatis;getAllCarts;12
mybatis;getAllCarts;18
mybatis;getAllCarts;1
mybatis;getAllCarts;10
mybatis;getAllCarts;14
mybatis;getAllCarts;7
mybatis;getAllCarts;24
mybatis;getAllCarts;21
mybatis;getAllCarts;1
mybatis;getAllCarts;8
